Method,Silhouette,Calinski_Harabasz
VAE + KMeans,0.09196922183036804,61.334556579589844
PCA + KMeans,0.09962268062008965,44.77875746836216
